{

    "strings": [

		{
            "Key": "HomebrewArchtypes_MythicAbilityAbundantCasting", // "15edb451-dc5b-4def-807c-a451743eb3a6" for example
            "Value": "Abundant Casting(Homebrew)"
        },
		{
            "Key": "HomebrewArchtypes_MythicAbilityAbundantCastingDesc", // "15edb451-dc5b-4def-807c-a451743eb3a6" for example
            "Value": "A mythic character using this ability may regain a spell of any level up to 3 times and for every mythic level gained this ability may be used 1 additional time up to a maximum of 12."
        },
		{
            "Key": "HomebrewArchtypes_MythicAbilityAbundantCastingSpontaneous", // "15edb451-dc5b-4def-807c-a451743eb3a6" for example
            "Value": "Abundant Casting(Homebrew) - Spontaneous"
        },
		{
            "Key": "HomebrewArchtypes_MythicAbilityAbundantCastingPrepared", // "15edb451-dc5b-4def-807c-a451743eb3a6" for example
            "Value": "Abundant Casting(Homebrew) - Prepared"
        },
		{
            "Key": "AC_NumerianGreatswordItemDesc", // "15edb451-dc5b-4def-807c-a451743eb3a6" for example
            "Value": "This +3 greatsword is merged with Numerian technology. Once per day the wielder can activate one of five enhancements for a number of {g|Encyclopedia:Combat_Round}rounds{/g} equal to half the wielder's level.

Fiber Muscles: The primary subject of fiber muscles gains a +4 alchemical {g|Encyclopedia:Bonus}bonus{/g} to {g|Encyclopedia:Dexterity}Dexterity{/g} and {g|Encyclopedia:Strength}Strength{/g} scores, and a +4 alchemical bonus to {g|Encyclopedia:Mobility}Mobility{/g} {g|Encyclopedia:Skills}skill checks{/g}.

Augmented Heart: The primary subject of augmented heart gains a +6 alchemical bonus to {g|Encyclopedia:Constitution}Constitution{/g} score and fortification 25.

Force Shield: This shield is supported by some generator in this dungeon. It grants the wearer a +4 shield bonus to {g|Encyclopedia:Armor_Class}AC{/g}. Magic missiles and similar abilities can bypass it.

Stainless Skin: The primary subject of stainless skin gains a +4 natural armor bonus to AC and +4 bonus to AC against {g|Encyclopedia:TouchAttack}touch attacks{/g}.

Upgraded Neural System: The primary subject of the upgraded neural system gains a +4 alchemical bonus to {g|Encyclopedia:Intelligence}Intelligence{/g} score. {g|Encyclopedia:DC}DC{/g} of {g|Encyclopedia:Saving_Throw}saving throws{/g} against {g|Encyclopedia:Spell}spells{/g} and abilities they use is increased by 2."
        },
		{
            "Key": "AC_NumerianGreatswordFiberMuscleDesc", // "15edb451-dc5b-4def-807c-a451743eb3a6" for example
            "Value": "The primary subject of fiber muscles gains a +4 alchemical {g|Encyclopedia:Bonus}bonus{/g} to {g|Encyclopedia:Dexterity}Dexterity{/g} and {g|Encyclopedia:Strength}Strength{/g} scores, and a +4 alchemical bonus to {g|Encyclopedia:Mobility}Mobility{/g} {g|Encyclopedia:Skills}skill checks{/g}."
        },
		{
            "Key": "AC_NumerianGreatswordAugmentedHeartDesc", // "15edb451-dc5b-4def-807c-a451743eb3a6" for example
            "Value": "The primary subject of augmented heart gains a +6 alchemical bonus to {g|Encyclopedia:Constitution}Constitution{/g} score and fortification 25."
        },
		{
            "Key": "AC_NumerianGreatswordUpgradedNeuralSystemDesc", // "15edb451-dc5b-4def-807c-a451743eb3a6" for example
            "Value": "The primary subject of the upgraded neural system gains a +4 alchemical bonus to {g|Encyclopedia:Intelligence}Intelligence{/g} score. {g|Encyclopedia:DC}DC{/g} of {g|Encyclopedia:Saving_Throw}saving throws{/g} against {g|Encyclopedia:Spell}spells{/g} and abilities they use is increased by 2."
        },
		{
            "Key": "AC_NumerianGreatswordForceShield", // "15edb451-dc5b-4def-807c-a451743eb3a6" for example
            "Value": "Force Shield"
        },
		{
            "Key": "AC_NumerianGreatswordForceShieldDesc", // "15edb451-dc5b-4def-807c-a451743eb3a6" for example
            "Value": "This shield is supported by some generator in this dungeon. It grants the wearer a +4 shield bonus to {g|Encyclopedia:Armor_Class}AC{/g}. Magic missiles and similar abilities can bypass it."
        },
		{
            "Key": "AC_DiscoveryEmpoweredBombs", // "15edb451-dc5b-4def-807c-a451743eb3a6" for example
            "Value": "Empowered Bombs"
        },
		{
            "Key": "AC_DiscoveryEmpoweredBombsDesc", // "15edb451-dc5b-4def-807c-a451743eb3a6" for example
            "Value": "When taking this discovery all bombs created by the alchemist have their damage increased by 50%."
        },
		{
            "Key": "AC_DiscoveryMaximizedBombs", // "15edb451-dc5b-4def-807c-a451743eb3a6" for example
            "Value": "Maximized Bombs"
        },
		{
            "Key": "AC_DiscoveryMaximizedBombsDesc", // "15edb451-dc5b-4def-807c-a451743eb3a6" for example
            "Value": "When taking this discovery all bombs created by the alchemist have their damage maximized."
        },
		{
            "Key": "AC_FangofMaliceEnemyBuff", // "15edb451-dc5b-4def-807c-a451743eb3a6" for example
            "Value": "Rending"
        },
		{
            "Key": "AC_FangofMaliceItemDesc", // "15edb451-dc5b-4def-807c-a451743eb3a6" for example
            "Value": "Whenever the wielder of this +3 furyborn greatsword is under a rage effect, she doesn't suffer from its usual -2 {g|Encyclopedia:Penalty}penalty{/g} to {g|Encyclopedia:Armor_Class}AC{/g} and will increase in size as if under the spell legendary proportions. In addition she will rend the opponents defenses in her fury making the target permenantly suffer a -1 to AC stacking up to 5 times."
        }
		
	]	
}
