{

    "strings": [

		{
            "Key": "HomebrewArchtypes_MythicAbilityAbundantCasting", // "15edb451-dc5b-4def-807c-a451743eb3a6" for example
            "Value": "连锁施法"
        },
		{
            "Key": "HomebrewArchtypes_MythicAbilityAbundantCastingDesc", // "15edb451-dc5b-4def-807c-a451743eb3a6" for example
            "Value": "神话角色可以使用此能力唤回任意环的法术，每日3次。你每再拥有一个神话等级，唤回次数额外加1，直到最多的12次。"
        },
		{
            "Key": "HomebrewArchtypes_MythicAbilityAbundantCastingSpontaneous", // "15edb451-dc5b-4def-807c-a451743eb3a6" for example
            "Value": "连锁施法：自发"
        },
		{
            "Key": "HomebrewArchtypes_MythicAbilityAbundantCastingPrepared", // "15edb451-dc5b-4def-807c-a451743eb3a6" for example
            "Value": "连锁施法：记忆"
        },
		{
            "Key": "AC_NumerianGreatswordItemDesc", // "15edb451-dc5b-4def-807c-a451743eb3a6" for example
            "Value": "这把+3巨剑融合了纽玫瑞亚科技。每日限一次，持用者可以启动五项增强中的一项，持续等于持用者等级一半的{g|Encyclopedia:Combat_Round}轮数{/g}。\n\n纤维肌肉：纤维肌肉的主改造对象的{g|Encyclopedia:Dexterity}敏捷{/g}和{g|Encyclopedia:Strength}力量属性{/g}获得+4炼金{g|Encyclopedia:Bonus}加值{/g}，{g|Encyclopedia:Mobility}灵巧{/g}{g|Encyclopedia:Skills}技能检定{/g}获得+4炼金加值。\n\n增强心脏：增强心脏的主改造对象在{g|Encyclopedia:Constitution}体质属性{/g}上获得+6炼金加值，并获得护命25。\n\n力场盾牌：这面盾牌由这座地城中的一些发生器供能。它为持用者的{g|Encyclopedia:Armor_Class}AC{/g}提供+4盾牌加值。魔法飞弹及类似效果能够穿透它。\n\n不锈皮肤：不锈皮肤的主改造对象的AC获得+4天生防御加值，对抗{g|Encyclopedia:TouchAttack}接触攻击{/g}的AC获得+4加值。\n\n升级版神经系统：升级版神经系统的主改造对象的{g|Encyclopedia:Intelligence}智力属性{/g}获得+4炼金加值，所施展{g|Encyclopedia:Spell}法术{/g}和能力的{g|Encyclopedia:Saving_Throw}豁免检定{/g}{g|Encyclopedia:DC}DC{/g}提高2点。"
        },
		{
            "Key": "AC_NumerianGreatswordFiberMuscleDesc", // "15edb451-dc5b-4def-807c-a451743eb3a6" for example
            "Value": "纤维肌肉的主改造对象的{g|Encyclopedia:Dexterity}敏捷{/g}和{g|Encyclopedia:Strength}力量属性{/g}获得+4炼金{g|Encyclopedia:Bonus}加值{/g}，{g|Encyclopedia:Mobility}灵巧{/g}{g|Encyclopedia:Skills}技能检定{/g}获得+4炼金加值。"
        },
		{
            "Key": "AC_NumerianGreatswordAugmentedHeartDesc", // "15edb451-dc5b-4def-807c-a451743eb3a6" for example
            "Value": "增强心脏的主改造对象在{g|Encyclopedia:Constitution}体质属性{/g}上获得+6炼金加值，并获得护命25。"
        },
		{
            "Key": "AC_NumerianGreatswordUpgradedNeuralSystemDesc", // "15edb451-dc5b-4def-807c-a451743eb3a6" for example
            "Value": "升级版神经系统的主改造对象的{g|Encyclopedia:Intelligence}智力属性{/g}获得+4炼金加值，所施展{g|Encyclopedia:Spell}法术{/g}和能力的{g|Encyclopedia:Saving_Throw}豁免检定{/g}{g|Encyclopedia:DC}DC{/g}提高2点。"
        },
		{
            "Key": "AC_NumerianGreatswordForceShield", // "15edb451-dc5b-4def-807c-a451743eb3a6" for example
            "Value": "力场盾牌"
        },
		{
            "Key": "AC_NumerianGreatswordForceShieldDesc", // "15edb451-dc5b-4def-807c-a451743eb3a6" for example
            "Value": "这面盾牌由这座地城中的一些发生器供能。它为持用者的{g|Encyclopedia:Armor_Class}AC{/g}提供+4盾牌加值。魔法飞弹及类似效果能够穿透它。"
        },
		{
            "Key": "AC_DiscoveryEmpoweredBombs", // "15edb451-dc5b-4def-807c-a451743eb3a6" for example
            "Value": "增强炸弹"
        },
		{
            "Key": "AC_DiscoveryEmpoweredBombsDesc", // "15edb451-dc5b-4def-807c-a451743eb3a6" for example
            "Value": "拥有这一科研发现的炼金术士制造的炼金炸弹的伤害骰提升50%。"
        },
		{
            "Key": "AC_DiscoveryMaximizedBombs", // "15edb451-dc5b-4def-807c-a451743eb3a6" for example
            "Value": "终极炸弹"
        },
		{
            "Key": "AC_DiscoveryMaximizedBombsDesc", // "15edb451-dc5b-4def-807c-a451743eb3a6" for example
            "Value": "拥有这一科研发现的炼金术士制造的炼金炸弹总是造成最大的伤害。"
        },
		{
            "Key": "AC_FangofMaliceEnemyBuff", // "15edb451-dc5b-4def-807c-a451743eb3a6" for example
            "Value": "撕裂"
        },
		{
            "Key": "AC_FangofMaliceItemDesc", // "15edb451-dc5b-4def-807c-a451743eb3a6" for example
            "Value": "当这把+3渐狂大剑的持用者处于狂暴效果中时，其{g|Encyclopedia:Armor_Class}防御等级（AC）{/g}无需承受通常的-2{g|Encyclopedia:Penalty}减值{/g}并且体型增大，如同处在“伟岸雄姿”法术的影响下。此外，持用者在愤怒中撕裂对手的防御，使目标的{g|Encyclopedia:Armor_Class}防御等级{/g}永久承受-1的减值，可叠加5次。"
        }
		
	]	
}
