{
    "BundlesLayout": {
        "m_Guids": [],
        "m_Bundles": []
    },
    "BundleDependencies": {
        "m_List": []
    },
    "BlueprintPatches": [
        {
            "Guid": "ba0e5a900b775be4a99702f1ed08914d",
            "Filename": "HAExtraMythicAbility.patch"
        },
        {
            "Guid": "cf594fa8871332a4ba861c6002480ec2",
            "Filename": "HAAbundantCasting.patch"
        },
        {
            "Guid": "ccfd359449c94a03ac62c93be2644e54",
            "Filename": "HANumerianGreatswordAugmentHeartAbility.patch"
        },
        {
            "Guid": "9bf01009fda64bf283fc5a300d3fef51",
            "Filename": "HANumerianGreatswordFiberMusclesAbility.patch"
        },
        {
            "Guid": "3f6646d8180a42a3bbda0ecb94ea43ea",
            "Filename": "HANumerianGreatswordNeuralSystemAbility.patch"
        },
        {
            "Guid": "6d5498fcde6946a0914e659c7b47a924",
            "Filename": "NGFiberMusclesBuff.patch"
        },
        {
            "Guid": "0a164c1781ec470bb1ef7a6829b9da5a",
            "Filename": "NGAugmentHeartBuff.patch"
        },
        {
            "Guid": "dff21568e88945f695af43c1c97a70fe",
            "Filename": "NGNeuralSystemBuff.patch"
        },
        {
            "Guid": "eaff40a9eb344421baad476ee3b11cdf",
            "Filename": "HANumerianGreatswordStainlessSkinAbility.patch"
        },
        {
            "Guid": "cfdbf55b99884879809679012b84a245",
            "Filename": "NGItem.patch"
        },
        {
            "Guid": "dde8a3d301a84215bb918dc9a6d61330",
            "Filename": "NGFeature.patch"
        },
        {
            "Guid": "fe2acd72f8e79884f8b693b1e020a20c",
            "Filename": "NBracer.patch"
        },
        {
            "Guid": "766435873b1361c4287c351de194e5f9",
            "Filename": "HAWoljif.patch"
        },
        {
            "Guid": "1b893f7cf2b150e4f8bc2b3c389ba71d",
            "Filename": "HANenio.patch"
        },
        {
            "Guid": "2779754eecffd044fbd4842dba55312c",
            "Filename": "HAEmber.patch"
        },
        {
            "Guid": "096fc4a96d675bb45a0396bcaa7aa993",
            "Filename": "HADaeran.patch"
        },
        {
            "Guid": "1cbbbb892f93c3d439f8417ad7cbb6aa",
            "Filename": "HASosiel.patch"
        },
        {
            "Guid": "f72bb7c48bb3e45458f866045448fb58",
            "Filename": "HAGreybor.patch"
        },
        {
            "Guid": "0d37024170b172346b3769df92a971f5",
            "Filename": "HARegill.patch"
        },
        {
            "Guid": "0bb1c03b9f7bbcf42bb74478af2c6258",
            "Filename": "HATrever.patch"
        },
        {
            "Guid": "e46927657a79db64ea30758db3f42bb9",
            "Filename": "HAGalfrey.patch"
        },
        {
            "Guid": "a352873d37ec6c54c9fa8f6da3a6b3e1",
            "Filename": "HAArueCH2.patch"
        },
        {
            "Guid": "d841124e77c597446ba68b70ac24695a",
            "Filename": "HAArueCH3.patch"
        },
        {
            "Guid": "e3bc95db7e2181d41847b3a1d858258d",
            "Filename": "HAArueEvil.patch"
        },
        {
            "Guid": "7ece3afabe2b6f343b17d1eaa409d273",
            "Filename": "HACiar.patch"
        },
        {
            "Guid": "6b1f599497f5cfa42853d095bda6dafd",
            "Filename": "HADelemare.patch"
        },
        {
            "Guid": "d58b81fd7ec14784fa05bc29fb6c7ae0",
            "Filename": "HALichGalfrey.patch"
        },
        {
            "Guid": "e551850403d61eb48bb2de010d12c894",
            "Filename": "HALichKestoglyr.patch"
        },
        {
            "Guid": "0bcf3c125a28d164191e874e3c0c52de",
            "Filename": "HALichStaunton.patch"
        },
        {
            "Guid": "faa50b5d67eb4745b7b1157629d5c304",
            "Filename": "HAJudgeAura.patch"
        },
        {
            "Guid": "808fdbbfaf2ca9f4c805458290d7b66b",
            "Filename": "HABadTemperBuff.patch"
        },
        {
            "Guid": "a3488b3542ba3b941b345ed42d31ecad",
            "Filename": "HABadTemperItem.patch"
        },
        {
            "Guid": "1529b4405c944019bff177477a906286",
            "Filename": "HAJudgeSentence.patch"
        },
        {
            "Guid": "",
            "Filename": ""
        },
        {
            "Guid": "",
            "Filename": ""
        },
        {
            "Guid": "",
            "Filename": ""
        },
        {
            "Guid": "",
            "Filename": ""
        }
    ]
}